{
  "human": {
    "logreg": {
      "accuracy": 0.9975,
      "precision": 1.0,
      "recall": 0.995,
      "f1": 0.9974937343358395
    },
    "linear_svm": {
      "accuracy": 0.9975,
      "precision": 1.0,
      "recall": 0.995,
      "f1": 0.9974937343358395
    }
  },
  "llm": {
    "logreg": {
      "accuracy": 0.995,
      "precision": 0.9900990099009901,
      "recall": 1.0,
      "f1": 0.9950248756218906
    },
    "linear_svm": {
      "accuracy": 0.995,
      "precision": 0.9900990099009901,
      "recall": 1.0,
      "f1": 0.9950248756218906
    }
  }
}